School Name,Course Name,Subject Name,Exam Name
Teaching Certification Exams,Praxis,7811 Elementary Education Content Knowledge for Teaching,Praxis Elementary Education CKT Social Studies (7815) Test
Teaching Certification Exams,Praxis,7002 Elementary Education Teaching Reading Exams,Praxis Elementary Education Teaching Reading (7002) Exam
Teaching Certification Exams,Praxis,5941 World and US History Content Knowledge Exams,Praxis 5941 Exam Answers
Teaching Certification Exams,Praxis,5857 Health and Physical Education Exams,Praxis 5857 Exam
Teaching Certification Exams,Praxis,5752 Core Academic Skills for Educators,Praxis Core Math 5733 Exam 2026
Teaching Certification Exams,Praxis,5752 Core Academic Skills for Educators,Praxis 5733 Core Academic Math Answers
Teaching Certification Exams,Praxis,5752 Core Academic Skills for Educators,Praxis Core Reading 5713 Test
Teaching Certification Exams,Praxis,5752 Core Academic Skills for Educators,Praxis Core Reading 5713
Teaching Certification Exams,Praxis,Praxis Subject Assessments,Praxis 5624 Practice Test
Teaching Certification Exams,Praxis,Praxis Subject Assessments,PLT Praxis 5624 Practice Test
Teaching Certification Exams,Praxis,Praxis Subject Assessments,Praxis 5621 Practice Test
Teaching Certification Exams,Praxis,5511 Fundamental Subjects Exams,Praxis 5511 Exam
Teaching Certification Exams,Praxis,5511 Fundamental Subjects Exams,5511 Praxis Test
Teaching Certification Exams,Praxis,5422 School Counselor Exams,Praxis 5422 Study Guide
Teaching Certification Exams,Praxis,5362 English to Speakers of Other Languages Exams,Praxis 5362 ESOL Study Guide
Teaching Certification Exams,Praxis,5355 Special Education Foundational Knowledge Exams,Praxis 5355 Study Guide
Teaching Certification Exams,Praxis,5205 Teaching Reading Elementary Exams,Praxis 5205 Study Companion
Teaching Certification Exams,Praxis,5205 Teaching Reading Elementary Exams,Praxis Teaching Reading Elementary 5205
Teaching Certification Exams,Praxis,5152 Pennsylvania Grades 4 to 8 Core Assessment Exams,Praxis 5156 Test
Teaching Certification Exams,Praxis,5152 Pennsylvania Grades 4 to 8 Core Assessment Exams,Praxis 5155
Teaching Certification Exams,Praxis,5152 Pennsylvania Grades 4 to 8 Core Assessment Exams,Praxis 5154
Teaching Certification Exams,Praxis,5025 Early Childhood Education Exams,Praxis Early Education 5025 Questions and Answers
Teaching Certification Exams,Praxis,5025 Early Childhood Education Exams,Praxis 5025 Study Companion
Teaching Certification Exams,Praxis,5005 Elementary Education Science Exams,Praxis 5005 Cheat Sheet
Teaching Certification Exams,Praxis,5005 Elementary Education Science Exams,Science Praxis 5005 Practice Test
Teaching Certification Exams,Praxis,5005 Elementary Education Science Exams,Praxis Science 5005
Teaching Certification Exams,Praxis,5005 Elementary Education Science Exams,Praxis 5005 Study Guide
Teaching Certification Exams,Praxis,5004 Elementary Education Social Studies Subtest Exams,Praxis 5004 Study Guide
Teaching Certification Exams,Praxis,5004 Elementary Education Social Studies Subtest Exams,Praxis 5004 Social Studies Subtest Practice Test
Teaching Certification Exams,Praxis,5004 Elementary Education Social Studies Subtest Exams,Praxis 5004 Social Studies
Teaching Certification Exams,Praxis,5004 Elementary Education Social Studies Subtest Exams,Praxis Social Studies 5004
Teaching Certification Exams,Praxis,5003 Elementary Education Mathematics Subtest Exams,Praxis 5003 Study Guide
Teaching Certification Exams,Praxis,5003 Elementary Education Mathematics Subtest Exams,5003 Praxis Math Answers
Teaching Certification Exams,Praxis,5003 Elementary Education Mathematics Subtest Exams,Praxis 5003 Exam with Outline
Teaching Certification Exams,Praxis,5002 Elementary Education Reading and Language Arts Subtest Exams,Praxis 5002 Reading and Language Arts Exam
Teaching Certification Exams,Praxis,5002 Elementary Education Reading and Language Arts Subtest Exams,Reading & Language Arts Praxis 5002
Teaching Certification Exams,Praxis,5002 Elementary Education Reading and Language Arts Subtest Exams,5002 Praxis Practice Test
Teaching Certification Exams,Praxis,5002 Elementary Education Reading and Language Arts Subtest Exams,Praxis 5002 Study Guide
Teaching Certification Exams,Praxis,5001 Elementary Education Multiple Subjects Exams,Praxis 5001 Test with Answers
Real Estate Licensing Exams,Salesperson and Broker License Exam,Virginia Real Estate Exams,Virginia Real Estate Exam Practice questions
Real Estate Licensing Exams,Salesperson and Broker License Exam,Virginia Real Estate Exams,Virginia Real Estate Practice Exam Free
Real Estate Licensing Exams,Salesperson and Broker License Exam,Virginia Real Estate Exams,Virginia Real Estate Exam Practice Test
Real Estate Licensing Exams,Salesperson and Broker License Exam,Virginia Real Estate Exams,Virginia Real Estate Practice Exam
Real Estate Licensing Exams,Salesperson and Broker License Exam,Virginia Real Estate Exams,Virginia Real Estate Exam
Real Estate Licensing Exams,Salesperson and Broker License Exam,Virginia Real Estate Exams,Virginia State Real Estate Exam
Real Estate Licensing Exams,Salesperson and Broker License Exam,Virginia Real Estate Exams,PSI Real Estate Exam Virginia
Real Estate Licensing Exams,Salesperson and Broker License Exam,Virginia Real Estate Exams,PSI Virginia Real Estate Exam
Real Estate Licensing Exams,Salesperson and Broker License Exam,Pennsylvania Real Estate Exams,The CE Shop Realestate Pennsylvania Exam Answers
Real Estate Licensing Exams,Salesperson and Broker License Exam,Tennessee Real Estate Exams,Free Tennessee Real Estate Practice Exam
Real Estate Licensing Exams,Salesperson and Broker License Exam,Tennessee Real Estate Exams,Tennessee Real Estate License Exam Questions
Real Estate Licensing Exams,Salesperson and Broker License Exam,Tennessee Real Estate Exams,Tennessee Real Estate Exam Questions
Real Estate Licensing Exams,Salesperson and Broker License Exam,Tennessee Real Estate Exams,PSI Real Estate Exam Tennessee
Real Estate Licensing Exams,Salesperson and Broker License Exam,Tennessee Real Estate Exams,Tennessee Real Estate Exam Practice Test
Real Estate Licensing Exams,Salesperson and Broker License Exam,Tennessee Real Estate Exams,PSI Tennessee Real Estate Affiliate Broker Exam
Real Estate Licensing Exams,Salesperson and Broker License Exam,Tennessee Real Estate Exams,Tennessee PSI Real Estate Practice Exam
Real Estate Licensing Exams,Salesperson and Broker License Exam,Tennessee Real Estate Exams,Tennessee Affiliate Broker Exam
Real Estate Licensing Exams,Salesperson and Broker License Exam,Pennsylvania Real Estate Exams,Pennsylvania Real Estate Exam
Real Estate Licensing Exams,Salesperson and Broker License Exam,Pennsylvania Real Estate Exams,Free Pennsylvania Real Estate Practice Exam
Real Estate Licensing Exams,Salesperson and Broker License Exam,Pennsylvania Real Estate Exams,Real Estate Salesperson Pennsylvania Exam
Real Estate Licensing Exams,Salesperson and Broker License Exam,Pennsylvania Real Estate Exams,Real Estate Salesperson Pennsylvania Exam Portion
Real Estate Licensing Exams,Salesperson and Broker License Exam,Pennsylvania Real Estate Exams,Pennsylvania Real Estate Salesperson Practice Exam Free
Real Estate Licensing Exams,Salesperson and Broker License Exam,Pennsylvania Real Estate Exams,Pennsylvania Portion of the Real Estate Salesperson Exam Practice
Real Estate Licensing Exams,Salesperson and Broker License Exam,Pennsylvania Real Estate Exams,Pennsylvania Portion of the Real Estate Salesperson Exam PA
Real Estate Licensing Exams,Salesperson and Broker License Exam,Pennsylvania Real Estate Exams,Pennsylvania Real Estate Salesperson Exam
Real Estate Licensing Exams,Salesperson and Broker License Exam,Pennsylvania Real Estate Exams,Pennsylvania Real Estate Exam Questions
Real Estate Licensing Exams,Salesperson and Broker License Exam,Pennsylvania Real Estate Exams,Pennsylvania Real Estate Exam Practice Questions
Real Estate Licensing Exams,Salesperson and Broker License Exam,Ohio Real Estate Exams,Ohio Real Estate Exam Practice Test
Real Estate Licensing Exams,Salesperson and Broker License Exam,Ohio Real Estate Exams,Ohio Life Agent Series 11 44 Exam
Real Estate Licensing Exams,Salesperson and Broker License Exam,New Jersey Real Estate Exams,New Jersey Real Estate Salesperson Exam
Real Estate Licensing Exams,Salesperson and Broker License Exam,New Jersey Real Estate Exams,New Jersey Real Estate Exam Cheat Sheet
Real Estate Licensing Exams,Salesperson and Broker License Exam,New Jersey Real Estate Exams,New Jersey Real Estate Broker Practice Exam
Real Estate Licensing Exams,Salesperson and Broker License Exam,New Jersey Real Estate Exams,New Jersey Real Estate License Practice Exam
Real Estate Licensing Exams,Salesperson and Broker License Exam,New Jersey Real Estate Exams,New Jersey Real Estate License Exam
Real Estate Licensing Exams,Salesperson and Broker License Exam,New Jersey Real Estate Exams,New Jersey Real Estate Exam Questions and Answers PDF
Real Estate Licensing Exams,Salesperson and Broker License Exam,New Jersey Real Estate Exams,New Jersey Real Estate Exam Questions
Real Estate Licensing Exams,Salesperson and Broker License Exam,New Jersey Real Estate Exams,New Jersey Real Estate Exam Practice Test
Real Estate Licensing Exams,Salesperson and Broker License Exam,New Jersey Real Estate Exams,New Jersey Real Estate Practice Exam Free
Real Estate Licensing Exams,Salesperson and Broker License Exam,New Jersey Real Estate Exams,Real Estate Exam Prep New Jersey
Real Estate Licensing Exams,Salesperson and Broker License Exam,New Jersey Real Estate Exams,New Jersey Real Estate Practice Exam
Real Estate Licensing Exams,Salesperson and Broker License Exam,Missouri Real Estate Exams,State Portion Missouri Real Estate Salesperson Practice Exam
Real Estate Licensing Exams,Salesperson and Broker License Exam,Missouri Real Estate Exams,Missouri Real Estate Exam Study Guide PDF State Portion
Real Estate Licensing Exams,Salesperson and Broker License Exam,Missouri Real Estate Exams,Missouri Real Estate Salesperson Practice Exam State Portion
Real Estate Licensing Exams,Salesperson and Broker License Exam,Missouri Real Estate Exams,Missouri Real Estate Exam Prep Online
Real Estate Licensing Exams,Salesperson and Broker License Exam,Missouri Real Estate Exams,Missouri Real Estate Exam Study Guide PDF
Real Estate Licensing Exams,Salesperson and Broker License Exam,Minnesota Real Estate Exams,Minnesota State Real Estate Salesperson Exam Prep
Real Estate Licensing Exams,Salesperson and Broker License Exam,Michigan Real Estate Exams,Michigan Real Estate Salesperson License Exam
Real Estate Licensing Exams,Salesperson and Broker License Exam,Maryland Real Estate Exams,Maryland Real Estate Salesperson Exam Study Guide
Real Estate Licensing Exams,Salesperson and Broker License Exam,Illinois Real Estate Exams,Illinois Real Estate State Exam Questions
Real Estate Licensing Exams,Salesperson and Broker License Exam,Illinois Real Estate Exams,Illinois National Real Estate Exam
Real Estate Licensing Exams,Salesperson and Broker License Exam,Illinois Real Estate Exams,Illinois Real Estate Exam Study Guide PDF
Real Estate Licensing Exams,Salesperson and Broker License Exam,Illinois Real Estate Exams,Illinois Real Estate Broker Exam Prep
Real Estate Licensing Exams,Salesperson and Broker License Exam,Illinois Real Estate Exams,Free Illinois Real Estate Exam Practice Test
Real Estate Licensing Exams,Salesperson and Broker License Exam,Illinois Real Estate Exams,Illinois Real Estate Exam Prep Online
Real Estate Licensing Exams,Salesperson and Broker License Exam,Colorado Real Estate Exams,Colorado State Real Estate License Exam
Real Estate Licensing Exams,Salesperson and Broker License Exam,Colorado Real Estate Exams,PSI National Real Estate License Exam Prep
Real Estate Licensing Exams,Salesperson and Broker License Exam,California Real Estate Exams,California Real Estate Practice Final Exam Answers
Real Estate Licensing Exams,Salesperson and Broker License Exam,Alabama Real Estate Exams,Alabama Property and Casualty License Practice Exam
Real Estate Licensing Exams,Licensed Mortgage Originators Exams,Licensed Mortgage Originators Exams,Safe MLO Test National Component W Uniform State Content
Project Management and Human ResourcesProject Management Professional Certification Exam,Project Management Professional Certification Exam,Project Management Professional Certification Exam Questions
Project Management and Human ResourcesProject Management Professional Certification Exam,Project Management Professional Certification Exam,Project Management Professional Certification Exam Prep Training
Project Management and Human ResourcesProject Management Professional Certification Exam,Project Management Professional Certification Exam,Certified Associate in Project Management CAPM Exam Official Cert Guide
Project Management and Human ResourcesPlumber Licensing Exams,Arizona Plumbing Exams,Dewalt Plumbing Licensing Exam Guide
Project Management and Human ResourcesImmigration Representative Consultant,Immigration Representative Consultant Exams,Accredited Immigration Representative
Project Management and Human ResourcesContractor License Exams,Virginia Contracting Certification Exams,Virginia Contractor Class A/B Test Answers
Project Management and Human ResourcesContractor License Exams,Virginia Contracting Certification Exams,Virginia Class A Contractor Exam Prep
Project Management and Human ResourcesContractor License Exams,Virginia Contracting Certification Exams,VA Contractors A Class A or B Exam Questions
Project Management and Human ResourcesContractor License Exams,General Contracting Certification Exams,CON 3990V Contracting Certification Exam
Project Management and Human ResourcesContractor License Exams,Arizona CR-42 Roofing License Exams,Arizona Licensed Roofing Contractor
Project Management and Human ResourcesCertified Protection Professional,Certified Protection Professional Exams,Certified Protection Professional Sample Exam Questions
Project Management and Human ResourcesCertified Barber Licensing Exam,Texas Barber Exams,Texas Class A Barber Written Exam Answers
Nursing Certification Exams,Certified Nursing Assistant CNA Exams,State Centered Nurse Aide Knowledge Exams,Certified Nursing Assistant Ohio Exam
Nursing Certification Exams,Certified Nursing Assistant CNA Exams,Certified Nurse Aide Written Exams,Certified Nurses Aide Exam Answers
Nursing Certification Exams,Certified Nursing Assistant CNA Exams,Certified Nurse Aide Written Exams,Certified Nursing Aide Sample Test
Nursing Certification Exams,Certified Nursing Assistant CNA Exams,Certified Nurse Aide Knowledge Exams,Certified Nurse Aide Knowledge Test
Nursing Certification Exams,Certified Nursing Assistant CNA Exams,Certified Nurse Aide Knowledge Exams,Certified Nurse Aide Test
Nursing Certification Exams,Certified Nursing Assistant CNA Exams,Certified Nurse Aide Knowledge Exams,Free Certified Nurse Aide Practice Test
Nursing Certification Exams,Certified Nursing Assistant CNA Exams,Certified Nurse Aide Knowledge Exams,Home Health Aide and Certified Nursing Assistant Competency Test
Nursing Certification Exams,Certified Hospice and Palliative Nurse Exams,Hospice and Palliative Nurse Certification Exams,Certified Hospice and Palliative Nurse CHPN Exam Review
Medical and Allied Health Exams,Phlebotomy Technician Certificate Exams,Phlebotomy Technician Certification Exams,Medca Phlebotomy Technician Certification Exam
Medical and Allied Health Exams,Phlebotomy Technician Certificate Exams,Phlebotomy Technician Certification Exams,National Phlebotomy Technician Certification Exam
Medical and Allied Health Exams,Phlebotomy Technician Certificate Exams,Phlebotomy Technician Certification Exams,Phlebotomy Technician Specialist Certification Exam Review
Medical and Allied Health Exams,Phlebotomy Technician Certificate Exams,Phlebotomy Technician Certification Exams,Phlebotomy Technician CPT Certification Exam Study Guide
Medical and Allied Health Exams,Phlebotomy Technician Certificate Exams,Phlebotomy Technician Certification Exams,Phlebotomy Technician Certification CPT Exam
Medical and Allied Health Exams,Pharmacy Technician Certification Exam (PTCE),Pharmacy Technician Certification Exams,Pharmacy Technician Certification Exam Review
Medical and Allied Health Exams,Pharmacy Technician Certification Exam (PTCE),Pharmacy Technician Certification Exams,Pharmacy Technician Certification Exam Study Guide
Medical and Allied Health Exams,Pharmacy Technician Certification Exam (PTCE),Pharmacy Technician Certification Exams,Pharmacy Technician Certification Exam Practice Test
Medical and Allied Health Exams,Pharmacy Technician Certification Exam (PTCE),Pharmacy Technician Certification Exams,Pharmacy Technician Certification Board Practice Exam
Medical and Allied Health Exams,Pharmacy Technician Certification Exam (PTCE),Pharmacy Technician Certification Exams,Certified Pharmacy Technician Certification
Medical and Allied Health Exams,Pharmacy Technician Certification Exam (PTCE),Pharmacy Technician Certification Exams,PTCE With Online Test Pharmacy Technician Certification Exam
Medical and Allied Health Exams,Pharmacy Technician Certification Exam (PTCE),Pharmacy Technician Certification Exams,Pharmacy Technician Certification Exam Answers
Medical and Allied Health Exams,Pharmacy Technician Certification Exam (PTCE),Pharmacy Technician Certification Exams,Master The Pharmacy Technician Certification Exam PTCE
Medical and Allied Health Exams,Pharmacy Technician Certification Exam (PTCE),Pharmacy Technician Certification Exams,Pharmacy Technician Certification Exam PTCE Practice Questions
Medical and Allied Health Exams,Pharmacy Technician Certification Exam (PTCE),Pharmacy Technician Certification Exams,Pharmacy Technician Certification Exam PTCE Blueprint
Medical and Allied Health Exams,Pharmacy Technician Certification Exam (PTCE),Pharmacy Technician Certification Exams,PTCE Blue Print for Pharmacy Technician Certification
Medical and Allied Health Exams,Pharmacy Technician Certification Exam (PTCE),Pharmacy Technician Certification Exams,PTCE Pharmacy Technician Certification Exam
Medical and Allied Health Exams,Pharmacy Technician Certification Exam (PTCE),Pharmacy Technician Certification Exams,Pharmacy Technician Certification Exam PTCE
Medical and Allied Health Exams,Counselor Certification Exams,Counselor Preparation Exams,Fundamentals of Counseling DSST Exam
Medical and Allied Health Exams,Certified Clinical Medical Assistant Exams,Certified Clinical Medical Assistant Exams,Certified Clinical Medical Assistant (CCMA) Online Practice Test
Medical and Allied Health Exams,Certified Clinical Medical Assistant Exams,Certified Clinical Medical Assistant Exams,Certified Clinical Medical Assistant Practice Exam Test
Medical and Allied Health Exams,Certified Clinical Medical Assistant Exams,Certified Clinical Medical Assistant Exams,NHA Certified Clinical Medical Assistant Practice Test
Medical and Allied Health Exams,Certified Clinical Medical Assistant Exams,Certified Clinical Medical Assistant Exams,Certified Clinical Medical Assistant Practice Test Free
Medical and Allied Health Exams,Certified Clinical Medical Assistant Exams,Certified Clinical Medical Assistant Exams,Certified Clinical Medical Assistant Practice Test
Medical and Allied Health Exams,Certified Clinical Medical Assistant Exams,Certified Clinical Medical Assistant Exams,Certified Clinical Medical Assistant (CCMA) Practice Test
Medical and Allied Health Exams,Certified Clinical Medical Assistant Exams,Certified Clinical Medical Assistant Exams,Certified Clinical Medical Assistant Test
Medical and Allied Health Exams,Certified Clinical Medical Assistant Exams,Certified Clinical Medical Assistant Exams,Certified Clinical Medical Assistant Practice Exam
Medical and Allied Health Exams,Certified Clinical Medical Assistant Exams,Certified Clinical Medical Assistant Exams,Certified Clinical Medical Assistant (CCMA) Exam
Medical and Allied Health Exams,Certified Clinical Medical Assistant Exams,Certified Clinical Medical Assistant Exams,Certified Clinical Medical Assistant Exam
IT Certification Exams,Linux Certification Exam,Linux Essentials Exams,Linux Essentials Exam from Linux Professional Institute
IT Certification Exams,CompTIA,CompTIA Security Plus Certification Exams,CompTIA Security+ SYO 701 Practice Test
IT Certification Exams,CompTIA,CompTIA Security Plus Certification Exams,CompTIA Security Plus Example Questions
IT Certification Exams,CompTIA,CompTIA Security Plus Certification Exams,CompTIA Security Plus 501 Practice Questions
IT Certification Exams,CompTIA,CompTIA Security Plus Certification Exams,CompTIA Security Plus Simulation Questions
IT Certification Exams,CompTIA,CompTIA Security Plus Certification Exams,Free CompTIA Security Plus Practice Test
IT Certification Exams,CompTIA,CompTIA Security Plus Certification Exams,CompTIA Security Plus Exam Answers
IT Certification Exams,CompTIA,CompTIA Network Plus Certification Exams,CompTIA Network Plus Certification Exam Quiz
IT Certification Exams,CompTIA,CompTIA Cybersecurity Analyst CySA plus Exams,CompTIA CySA+ Cybersecurity Analyst Certification all in One Exam Guide
IT Certification Exams,CompTIA,CompTIA A Plus Certification Exams,CompTIA A Plus Practice Exam
IT Certification Exams,CompTIA,CompTIA A Plus Certification Exams,CompTIA A Plus 1001 Exams Practice
IT Certification Exams,CompTIA,CompTIA A Plus Certification Exams,CompTIA A Plus Exam Questions
IT Certification Exams,CompTIA,CompTIA A Plus Certification Exams,CompTIA A Plus Certification Exam
Insurance Exams,Life Insurance Producer,Virginia Insurance Exams,"Practice Tests Utah Life, Health, and Accident"
Insurance Exams,Life Insurance Producer,Virginia Insurance Exams,Virginia Property and Casualty Insurance Practice Exam
Insurance Exams,Life Insurance Producer,Utah Insurance Exams,"Practice Tests Utah Life, Health, and Accident"
Insurance Exams,Life Insurance Producer,Utah Insurance Exams,Utah Life Accident and Health Insurance License Exam Manual
Insurance Exams,Life Insurance Producer,Institutition-based Insurace Exams,University of Alabama Insurance Exam
Insurance Exams,Life Insurance Producer,Institutition-based Insurace Exams,The University of Alabama Continuing Studies 2024 Life and Health Answers
Insurance Exams,Life Insurance Producer,Institutition-based Insurace Exams,University of Alabama Study Guides L & H Insurance Exam
Insurance Exams,Life Insurance Producer,Pennsylvania Insurance Exams,Pennsylvania Life and Health Insurance Exam
Insurance Exams,Life Insurance Producer,Oklahoma Insurance Exams,Oklahoma Life Accident and Health Insurance Producer
Insurance Exams,Life Insurance Producer,New York Insurance Exams,Life And Health Insurance Exam Prep New York
Insurance Exams,Life Insurance Producer,New York Insurance Exams,New York State Exam for Health and Life Insurance License
Insurance Exams,Life Insurance Producer,New York Insurance Exams,New York State Life and Health Insurance License Exam
Insurance Exams,Life Insurance Producer,New York Insurance Exams,New York Life and Health Insurance License Quizlet
Insurance Exams,Life Insurance Producer,New York Insurance Exams,New York Life Accident and Health Insurance Practice Exam NY
Insurance Exams,Life Insurance Producer,New York Insurance Exams,New York State Life and Health Insurance Exam
Insurance Exams,Life Insurance Producer,New Jersey Insurance Exams,NJ Life Producer Exam PSI
Insurance Exams,Life Insurance Producer,New Jersey Insurance Exams,NJ Life Producer Exam Questions
Insurance Exams,Life Insurance Producer,Mississippi Insurance Exams,MS Life and Health Insurance Exam
Insurance Exams,Life Insurance Producer,Indiana Insurance Exams,Indiana Life and Health Producer License Exam
Insurance Exams,Life Insurance Producer,Indiana Insurance Exams,Indiana Life and Health Producer Exam
Insurance Exams,Life Insurance Producer,California Insurance Exams,California Department of Insurance Personal Lines Broker Agent Exam
Insurance Exams,Life Insurance Producer,California Insurance Exams,California life and Health Insurance Exam Prep
Insurance Exams,Life Insurance Producer,California Insurance Exams,Life and Health Insurance Exam California
Insurance Exams,Life Insurance Producer,California Insurance Exams,California Life Insurance Exam Practice Tests
Insurance Exams,Life Insurance Producer,California Insurance Exams,Life Accident and Health Insurance Exam California
Insurance Exams,Life Insurance Producer,California Insurance Exams,California Life Accident and Health Agent Practice Exam
Insurance Exams,Life Insurance Producer,California Insurance Exams,California Life Accident and Health Practice Exam
Insurance Exams,Life Insurance Producer,Institutition-based Insurace Exams,British Columbia Insurance Adjuster Licensing
Insurance Exams,Life Insurance Producer,Arizona Insurance Exams,Property and Casualty Producer Arizona Exam
Insurance Exams,Life Insurance Producer,Arizona Insurance Exams,Life Accident and Health or Sickness Producer Online Exam Arizona
Insurance Exams,Life Insurance Producer,Arizona Insurance Exams,Arizona Life Accident and Health Insurance License Exam Manual
Insurance Exams,Life Insurance Producer,Arizona Insurance Exams,Life and Health Insurance Producer License Arizona
Insurance Exams,Life Insurance Producer,Virginia Insurance Exams,Virginia Life and Health Insurance Exam Prep
Business and Finance Licensing Exams,Securities Industry Essentials SIE Exam,Securities Industry Essentials SIE Exam,Securities Industry Essentials SIE Exam Study Guide
Business and Finance Licensing Exams,Securities Industry Essentials SIE Exam,Securities Industry Essentials SIE Exam,SIE Exam Cheat Sheet
Business and Finance Licensing Exams,Licensed Securities Professional Exam,Securities Industry Essentials SIE Exam,Securities Industry Essentials Exam 100 Pass Rate
Business and Finance Licensing Exams,Certified Banking Professional,Certified Banking Professional Exams,SN 548 DSST Exam Money and Banking
Business and Finance Licensing Exams,Certified Anti Money Laundering Specialist,Certified Anti Money Laundering Specialist Exams,Anti Money Laundering Online Exam
Business and Finance Licensing Exams,Certified Anti Money Laundering Specialist,Certified Anti Money Laundering Specialist Exams,Anti Money Laundering Exam Answers
